FileName,Split
Agistri_Island_Greece_ATL03_20220831181154_10821602_005_01_gt3r_labeled.csv,Train
182863386_ATL03_20220616222419_13111502_007_01_subsetted_gt3r_labeled.csv,Train
Anapa_Black_Sea_Russia_ATL03_20200425222628_04640706_005_01_gt1r_labeled.csv,Train
Anegada_BVI_ATL03_20220413185245_03311507_005_02_gt1l_labeled.csv,Train
ATL03_20181014162642_02450107_007_01_10.02_10.20_gt2r_labeled.csv,Train
ATL03_20181014162642_02450107_007_01_10.05_10.19_gt3r_labeled.csv,Train
ATL03_20181018161822_03060107_007_01_11.48_11.70_gt2r_labeled.csv,Train
ATL03_20181022191838_03690107_007_01_15.11_15.25_gt1r_labeled.csv,Train
ATL03_20181027153606_04430107_007_01_gt3r_9.81_9.88_labeled.csv,Train
ATL03_20181028071900_04530107_007_01_gt1l_17.9316_17.9852_seg1_labeled.csv,Train
ATL03_20181028071900_04530107_007_01_gt2l_17.9220_17.9843_seg1_labeled.csv,Train
ATL03_20181028071900_04530107_007_01_gt2r_18.4421_18.4958_labeled.csv,Train
ATL03_20181028071900_04530107_007_01_gt3l_17.9129_17.9700_seg1_labeled.csv,Train
ATL03_20181028071900_04530107_007_01_gt3r_17.9127_17.9697_seg1_labeled.csv,Train
ATL03_20181028071900_04530107_007_01_gt3r_18.4438_18.4974_labeled.csv,Train
ATL03_20181030195618_04920101_007_01_gt3r_23.42_23.62_labeled.csv,Train
ATL03_20181101032207_05120101_007_01_14.54_14.74_gt1l_labeled.csv,Train
ATL03_20181101032207_05120101_007_01_14.57_14.72_gt3r_labeled.csv,Train
ATL03_20181101071043_05140107_007_01_gt1r_17.9208_18.0118_seg1_labeled.csv,Train
ATL03_20181101071043_05140107_007_01_gt2r_17.9149_17.9707_seg1_labeled.csv,Train
ATL03_20181101071043_05140107_007_01_gt3l_17.9094_17.9652_seg1_labeled.csv,Train
ATL03_20181101071043_05140107_007_01_gt3r_17.9092_17.9650_seg1_labeled.csv,Train
186342010_ATL03_20181104072808_05600107_007_01_subsetted_gt1r_labeled.csv,Train
ATL03_20181107184532_06130107_007_01_gt1r_8.77_8.85_labeled.csv,Train
ATL03_20181107184532_06130107_007_01_8.78_8.85_gt2r_labeled.csv,Train
ATL03_20181107184532_06130107_007_01_8.80_8.86_gt3r_labeled.csv,Train
ATL03_20181111073714_06670107_007_01_23.51_24.16_gt3l_labeled.csv,Train
ATL03_20181118022312_07710101_007_01_1.33_1.60_gt3l_labeled.csv,Train
ATL03_20181118022312_07710101_007_01_1.84_2.00_gt3r_labeled.csv,Train
ATL03_20181118022312_07710101_007_01_gt1l_1.87_1.94_labeled.csv,Train
ATL03_20181120061445_08040101_007_01_16.31_16.35_gt3r_labeled.csv,Train
ATL03_20181122021449_08320101_007_01_gt3l_7.01_7.14_labeled.csv,Train
ATL03_20181122175741_08420101_007_01_gt3r_18.0720_18.1680_labeled.csv,Train
ATL03_20181122175741_08420101_007_01_gt3r_18.4018_18.4642_seg1_labeled.csv,Train
ATL03_20181125141205_08850107_007_01_gt1l_11.19_11.36_labeled.csv,Train
ATL03_20181126055458_08950107_007_01_gt1l_18.1254_18.1915_seg1_labeled.csv,Train
ATL03_20181126055458_08950107_007_01_gt1r_18.1237_18.1916_seg1_labeled.csv,Train
ATL03_20181126055458_08950107_007_01_gt1r_18.3607_18.4186_labeled.csv,Train
ATL03_20181130015802_09540101_007_01_gt2r_11.12_11.21_labeled.csv,Train
ATL03_20181130133806_09610107_007_01_0.17_0.22_gt3r_labeled.csv,Train
ATL03_20181210140427_11140107_007_01_9.83_9.89_gt1l_labeled.csv,Train
ATL03_20181224124812_13270107_007_01_gt1r_10.20_10.45_labeled.csv,Train
ATL03_20181224124812_13270107_007_01_gt3r_10.21_10.48_labeled.csv,Train
ATL03_20181225043105_13370107_006_02_18.05_18.20_gt1r_labeled.csv,Train
ATL03_20190104044858_01030206_006_02_27.00_27.28_gt2l_labeled.csv,Train
ATL03_20190109121454_01840207_007_01_11.12_11.48_gt2l_labeled.csv,Train
ATL03_20190110114914_01990207_007_01_5.99_6.15_gt2r_labeled.csv,Train
ATL03_20190117115806_03060207_007_01_11.50_11.73_gt1l_labeled.csv,Train
ATL03_20190117235224_03140201_007_01_10.00_10.20_gt2l_labeled.csv,Train
ATL03_20190121145829_03690207_007_01_15.11_15.25_gt2l_labeled.csv,Train
ATL03_20190124151553_04150207_007_01_gt1l_17.06_17.11_labeled.csv,Train
ATL03_20190130230203_05120201_007_01_14.55_14.73_gt3l_labeled.csv,Train
ATL03_20190131025040_05140207_007_01_gt1l_17.9358_17.9970_seg1_labeled.csv,Train
ATL03_20190131025040_05140207_007_01_gt3l_17.9143_17.9701_seg1_labeled.csv,Train
ATL03_20190131025040_05140207_007_01_gt3r_17.9142_17.9699_seg1_labeled.csv,Train
ATL03_20190131104207_05190207_007_01_gt1l_0.23_0.34_labeled.csv,Train
ATL03_20190211104244_06870207_007_01_gt1l_11.11_11.18_labeled.csv,Train
ATL03_20190211104244_06870207_007_01_11.11_11.18_gt3l_labeled.csv,Train
ATL03_20190219222020_08170201_007_01_gt1l_9.04_9.21_labeled.csv,Train
ATL03_20190220012855_08190201_007_01_15.10_15.25_gt3l_labeled.csv,Train
ATL03_20190220012855_08190201_007_01_15.10_15.26_gt2l_labeled.csv,Train
ATL03_20190225013500_08950207_007_01_gt3l_18.0513_18.1898_seg1_labeled.csv,Train
ATL03_20190316210445_11980201_007_01_11.11_11.18_gt1l_labeled.csv,Train
ATL03_20190322121338_12840201_007_01_gt3r_18.2035_18.2717_labeled.csv,Train
ATL03_20190422103820_03690307_007_01_15.11_15.25_gt1l_labeled.csv,Train
ATL03_20190604044922_10220307_007_01_1.33_1.66_gt1l_labeled.csv,Train
ATL03_20190710152829_01920401_007_01_5.58_5.65_gt2l_labeled.csv,Train
ATL03_20190812020206_06870407_007_01_8.91_8.98_gt3l_labeled.csv,Train
ATL03_20190816134805_07560401_007_01_8.91_8.97_gt2r_labeled.csv,Train
ATL03_20190820133947_08170401_007_01_11.55_11.66_gt2l_labeled.csv,Train
ATL03_20190905042045_10550407_007_01_gt3l_8.76_8.83_labeled.csv,Train
ATL03_20190914122410_11980401_007_02_11.12_11.19_gt3l_labeled.csv,Train
ATL03_20190918121551_12590401_007_01_8.91_8.96_gt3r_labeled.csv,Train
ATL03_20191001230518_00770507_007_01_gt3l_1.70_1.83_labeled.csv,Train
ATL03_20191012112555_02380501_007_01_9.75_9.82_gt2r_labeled.csv,Train
ATL03_20191019020910_03390501_006_02_18.05_18.20_gt2l_labeled.csv,Train
ATL03_20191020022333_03540507_007_01_16.32_16.36_gt2r_labeled.csv,Train
ATL03_20191020022333_03540507_007_01_16.32_16.37_gt1r_labeled.csv,Train
ATL03_20191022140635_03920507_006_02_18.05_18.20_gt2r_labeled.csv,Train
ATL03_20191030214122_05190507_007_01_0.17_0.26_gt2r_labeled.csv,Train
ATL03_20191119091940_08170501_007_01_11.55_11.66_gt2l_labeled.csv,Train
ATL03_20191128083720_09540501_007_01_11.12_11.21_gt3r_labeled.csv,Train
ATL03_20191202200901_10220507_007_01_1.70_1.83_gt3l_labeled.csv,Train
ATL03_20191205000035_10550507_007_01_8.67_8.77_gt2r_labeled.csv,Train
ATL03_20191205000035_10550507_007_01_8.68_8.77_gt3r_labeled.csv,Train
ATL03_20191214080358_11980501_007_01_gt2r_11.12_11.20_labeled.csv,Train
ATL03_20191223111017_13370507_006_01_18.05_18.20_gt1r_labeled.csv,Train
ATL03_20191227071321_00090601_007_01_10.20_10.48_gt3r_labeled.csv,Train
ATL03_20200106191942_01690607_007_01_9.75_9.81_gt1r_labeled.csv,Train
ATL03_20200111101414_02400601_007_01_8.76_8.83_gt2r_labeled.csv,Train
ATL03_20200116063139_03140601_007_01_8.91_8.98_gt3r_labeled.csv,Train
ATL03_20200127212101_04910607_007_01_9.34_9.41_gt3r_labeled.csv,Train
ATL03_20200214164745_07630607_007_01_8.21_8.38_gt1r_labeled.csv,Train
ATL03_20200310153209_11440607_007_01_7.07_7.11_gt3r_labeled.csv,Train
ATL03_20200327025303_00090701_007_01_gt3r_11.19_11.32_labeled.csv,Train
ATL03_20200510043006_06820701_007_01_gt2r_8.66_8.77_labeled.csv,Train
ATL03_20200717130831_03390801_006_01_18.05_18.20_gt1l_labeled.csv,Train
ATL03_20210125040016_04911007_007_01_9.34_9.42_gt2r_labeled.csv,Train
ATL03_20210624051216_00091201_007_01_11.19_11.33_gt1r_labeled.csv,Train
ATL03_20210802190318_06131207_007_01_gt3r_8.80_8.86_labeled.csv,Train
ATL03_20211130131922_10551307_007_01_8.76_8.82_gt3l_labeled.csv,Train
ATL03_20211229234941_01181401_007_01_9.34_9.42_gt1l_labeled.csv,Train
ATL03_20220201184311_06341401_007_01_gt1l_8.14_8.22_labeled.csv,Train
ATL03_20220216214406_08651401_007_01_15.77_15.81_gt3l_labeled.csv,Train
ATL03_20220326074337_00491507_007_01_9.34_9.43_gt1r_labeled.csv,Train
ATL03_20230112180124_03541807_007_01_16.32_16.37_gt3r_labeled.csv,Train
ATL03_20230123131914_05191807_007_01_gt2r_0.17_0.26_labeled.csv,Train
ATL03_20230126050518_05601801_007_01_gt3r_9.89_9.92_labeled.csv,Train
ATL03_20230129170241_06131807_007_01_8.77_8.83_gt3r_labeled.csv,Train
ATL03_20230211043145_08041801_007_01_gt2l_16.46_16.57_labeled.csv,Train
ATL03_20240111003937_03542207_007_01_16.32_16.37_gt1r_labeled.csv,Train
ATL03_20240713034135_03922407_006_01_18.05_18.20_gt3r_labeled.csv,Train
ATL03_20250107070331_03392601_006_01_18.05_18.20_gt3l_labeled.csv,Train
ATL03_20250403110832_02682701_007_01_1.96_2.07_gt1l_labeled.csv,Train
ATL03_20250426015829_06132707_007_01_7.35_7.40_gt1r_labeled.csv,Train
183226517_ATL03_20220826063606_09981606_007_01_subsetted_gt1r_labeled.csv,Train
183241810_ATL03_20210212205409_07771002_007_01_subsetted_gt1r_labeled.csv,Train
Bum_Bum_Island_Malaysia_ATL03_20210606212532_11311107_005_01_gt3r_labeled.csv,Train
Calatagan_Philippeans_ATL03_20210402122421_01331101_005_01_gt1r_labeled.csv,Train
Cayo_Megano_Grande_Cuba_ATL03_20201018093115_03700901_005_01_gt2l_labeled.csv,Train
Cayos_Aguardiente_Cuba_ATL03_20220914124542_12921607_005_01_gt1r_labeled.csv,Train
Chetumal_ATL03_20190719200908_03320407_005_01_gt3l_labeled.csv,Train
Crooked_Island_Bahamas_ATL03_20220327081214_00651501_005_01_gt3l_labeled.csv,Train
Cuvu_Fiji_ATL03_20220824201715_09761608_005_01_gt3r_labeled.csv,Train
East_Zanzibar_Tanzania_ATL03_20210205203105_06691014_005_01_gt1r_labeled.csv,Train
Giali_Greece_ATL03_20201016023809_03350902_005_01_gt1l_labeled.csv,Train
Grand_Baie_Mauritius_ATL03_20190310163417_11030208_005_01_gt2l_labeled.csv,Train
185698116_ATL03_20220130165727_06021406_007_03_subsetted_gt3l_labeled.csv,Train
Gyali_Greece_ATL03_20220713201720_03351602_005_01_gt3r_labeled.csv,Train
Ifaho_Marine_Reserve_Madagascar_ATL03_20210316175909_12631014_005_01_gt1r_labeled.csv,Train
Isla_Lava_Madagascar_ATL03_20220826165734_10041614_005_01_gt3r_labeled.csv,Train
Jedaria_Tunisia_ATL03_20211227185523_00841406_005_01_gt2l_labeled.csv,Train
Kamogawa_wan_Japan_ATL03_20220102100417_01701406_005_01_gt2l_labeled.csv,Train
Kiriwina_Island_Papua_New_Guinea_ATL03_20220807105622_07101614_005_01_gt3r_labeled.csv,Train
Landeda_France_ATL03_20200730204050_05420806_005_01_gt3l_labeled.csv,Train
Marawah_Island_UAE_ATL03_20220905155636_11571601_005_01_gt2r_labeled.csv,Train
Mayaguana_Long_bay_Bahamas_ATL03_20220819011237_08881601_005_01_gt1r_labeled.csv,Train
186344390_ATL03_20210324134640_13831007_007_01_subsetted_gt3r_labeled.csv,Train
Miskito_Cay_Nicaragua_ATL03_20200718022252_03470807_005_01_gt1l_labeled.csv,Train
Mouidou_Bay_New_Caledonia_ATL03_20200527120937_09460708_005_01_gt2l_labeled.csv,Train
Mozambique_Channel_ATL03_20220304021217_10961414_005_01_gt2l_labeled.csv,Train
Nad_Al_Sheeba_UAE_ATL03_20221012141554_03341701_005_01_gt1r_labeled.csv,Train
Nait_Socotra_Island_Yemen_ATL03_20221012141554_03341701_005_01_gt1r_labeled.csv,Train
Nantucket_Sound_Massachusetts_ATL03_20220426062938_05221502_005_02_gt3l_labeled.csv,Train
Ngoba_Island_Indonesia_ATL03_20200812103958_07340808_005_01_gt3l_labeled.csv,Train
North_Bukama_Fiji_ATL03_20220824201715_09761608_005_01_gt3r_labeled.csv,Train
North_Macuata_Island_Fiji_ATL03_20220824082307_09681614_005_01_gt1r_labeled.csv,Train
Ognina_Syracuse_Italy_ATL03_20220207164046_07241406_005_01_gt1l_labeled.csv,Train
Opcina_Lopar_Croatia_ATL03_20190221202617_08460206_005_01_gt1l_labeled.csv,Train
Panglao_Bay_Philippines_ATL03_20220116222507_03921401_005_01_gt1l_labeled.csv,Train
186658278_ATL03_20220224090016_09791402_007_01_subsetted_gt3l_labeled.csv,Train
Porto_Torres_Italy_ATL03_20201119021432_08540902_005_01_gt3l_labeled.csv,Train
Pulau_Mangiatan_ATL03_20200226193823_09480608_005_01_gt1r_labeled.csv,Train
182863386_ATL03_20220616222419_13111502_007_01_subsetted_gt3r_labeled.csv,Train
Rottnest_Island_Australia_ATL03_20201222173922_13670913_005_01_gt3l_labeled.csv,Train
Rutland_Island_Ireland_ATL03_20220830201152_10681602_005_01_gt2r_labeled.csv,Train
Saipan_Bay_CNMI_ATL03_20220622132617_00101601_005_02_gt3r_labeled.csv,Train
Santec_English_Channel_France_ATL03_20190620034303_12660302_005_01_gt1l_labeled.csv,Train
Skutvik_Norway_ATL03_20210816123941_08231203_005_01_gt3r_labeled.csv,Train
Sodringholm_Skov_Denmark_ATL03_20200621213827_13340706_005_01_gt1r_labeled.csv,Train
South_Ibiza_Spain_ATL03_20210325203928_00161102_005_01_gt1r_labeled.csv,Train
187804448_ATL03_20210714141155_03201203_007_01_subsetted_gt1r_labeled.csv,Train
Stryno_Kalv_Denmark_ATL03_20190401062949_00460302_005_01_gt2l_labeled.csv,Train
Suez_Gulf_Egypt_ATL03_20210131090917_05861006_005_01_gt1r_labeled.csv,Train
Tayabas_Bay_Philippines_ATL03_20190501095559_05060307_005_01_gt2l_labeled.csv,Train
Vilancolus_Mozambique_ATL03_20220825054259_09821608_005_01_gt1r_labeled.csv,Train
Watari_Fukutsu_Japan_ATL03_20201201173227_10470902_005_01_gt1l_labeled.csv,Train
Water_Cay_Belize_ATL03_20220710041010_02791601_005_01_gt2r_labeled.csv,Train
Wessel_Machinbar_Island_Australia_ATL03_20201123173503_09240914_005_01_gt3l_labeled.csv,Train
West_Hawar_Island_Bahrain_ATL03_20210821101554_08981201_005_01_gt3r_labeled.csv,Train
Arraial_do_Cobo_Brazil_ATL03_20210607201248_11451114_005_01_gt2r_labeled.csv,Val
ATL03_20181212131308_11440107_007_01_6.04_6.25_gt3r_labeled.csv,Val
ATL03_20190118113229_03210207_007_01_gt1l_8.83_8.92_labeled.csv,Val
ATL03_20190609082516_11010302_007_01_32.28_32.49_gt2l_labeled.csv,Val
ATL03_20200204210418_06130607_007_01_8.81_8.86_gt1r_labeled.csv,Val
Binanga_Sombaiya_Indonesia_ATL03_20181027185143_04450108_005_01_gt3r_labeled.csv,Val
183429379_ATL03_20191230205203_00630608_007_01_subsetted_gt3r_labeled.csv,Val
Diego_de_Almagro_Chile_ATL03_20190819055313_07960412_005_01_gt1l_labeled.csv,Val
Fowlers_bay_Australia_ATL03_20200827220630_09700813_005_01_gt3l_labeled.csv,Val
Golden_Bay_New_Zealand_ATL03_20210406085423_01911113_005_01_gt1r_labeled.csv,Val
Isla_del_Espiritu_Mexico_ATL03_20220228115325_10421401_005_01_gt1l_labeled.csv,Val
Lagoa_Poelela_Mozambique_ATL03_20220825054259_09821608_005_01_gt3r_labeled.csv,Val
Masoala_Madagascar_ATL03_20221012022839_03261708_005_01_gt2r_labeled.csv,Val
North_Fuerteventura_Spain_ATL03_20220914200409_12971602_005_01_gt1r_labeled.csv,Val
Pratas_Island_South_China_Sea_ATL03_20200727124034_04910807_005_01_gt1l_labeled.csv,Val
Rago_Island_Denmark_ATL03_20200814185852_07700806_005_01_gt1l_labeled.csv,Val
Risoysundet_Norway_ATL03_20200716073232_03200803_005_01_gt3l_labeled.csv,Val
Sagani_Fiji_ATL03_20201016163241_03430914_005_01_gt3l_labeled.csv,Val
Shark_Bay_Australia_ATL03_20220825124020_09861614_005_01_gt1r_labeled.csv,Val
187933509_ATL03_20200831063523_10220802_007_01_subsetted_gt2l_labeled.csv,Val
188053360_ATL03_20220729194415_05791602_007_01_subsetted_gt1r_labeled.csv,Val
188073549_ATL03_20220413185245_03311507_007_01_subsetted_gt3l_labeled.csv,Val
188115872_ATL03_20210804181159_06431207_007_01_subsetted_gt1r_labeled.csv,Val
Waikoloa_Beach_Hawaii_ATL03_20211129072752_10361307_005_01_gt2l_labeled.csv,Val
West_Island_Shire_of_Cocos_ATL03_20190521223548_08190314_005_01_gt1l_labeled.csv,Val
West_Matanzas_Island_Cuba_ATL03_20220305094508_11171401_005_01_gt2l_labeled.csv,Val
White_Beach_Oman_ATL03_20220114025039_03491401_005_01_gt1r_labeled.csv,Val
Yadua_Fiji_ATL03_20220824201715_09761608_005_01_gt2r_labeled.csv,Val
188541408_ATL03_20190101023251_00560202_007_01_subsetted_gt1l_labeled.csv,Val
Zemouri_Algeria_ATL03_20220713215138_03361602_005_01_gt3r_labeled.csv,Val
ATL03_20181027193857_04460101_007_01_22.32_22.45_gt1l_labeled.csv,Test
ATL03_20181105145356_05800107_007_01_3.07_3.24_gt1l_labeled.csv,Test
ATL03_20191009093418_01910501_007_01_16.66_16.78_gt1r_labeled.csv,Test
ATL03_20200116181143_03210607_007_01_8.20_8.39_gt3r_labeled.csv,Test
Between_Haruku_and_Saparua_Indonesia_ATL03_20190318113445_12220208_005_01_gt2l_labeled.csv,Test
Bua_Bay_Fiji_ATL03_20210621164201_13571108_005_01_gt3r_labeled.csv,Test
Dingle_Bay_Ireland_ATL03_20210413202331_03061102_005_01_gt3r_labeled.csv,Test
Farasan_Island_Red_Sea_ATL03_20210311184010_11881001_005_01_gt1r_labeled.csv,Test
French_Polynesia_Bathymetry_ATL03_20190502032012_05170308_005_01_gt3l_labeled.csv,Test
Hjelmshoved_Denmark_ATL03_20200519231048_08310706_005_01_gt3l_labeled.csv,Test
Isla_Tiburon_Mexico_ATL03_20220706055950_02191602_005_01_gt3r_labeled.csv,Test
186089098_ATL03_20181222024630_12900108_007_01_subsetted_gt3r_labeled.csv,Test
Los_Roques_Archipelago_ATL03_20200827111933_09640801_005_01_gt3l_labeled.csv,Test
Nangata_Bay_Mozambique_ATL03_20210802235312_06161208_005_01_gt3r_labeled.csv,Test
Nepean_Bay_Australia_ATL03_20191204103310_10460513_005_01_gt1r_labeled.csv,Test
Ngu_Phung_Vietnam_ATL03_20200401184200_00950707_005_01_gt3r_labeled.csv,Test
Okinawa_Japan_ATL03_20220816115520_08491601_005_01_gt3r_labeled.csv,Test
South_Portoscuso_Italy_ATL03_20190524041544_08540302_005_01_gt2l_labeled.csv,Test
188025364_ATL03_20210723011117_04491206_007_01_subsetted_gt1r_labeled.csv,Test
188173795_ATL03_20210214143845_08031010_007_01_subsetted_gt1r_labeled.csv,Test
