FileName,Split,ATL03_Release,ATL03_Version,RGT,Cycle,ReferenceGroundTrack,AcquisitionDate,GranuleDateTime
Agistri_Island_Greece_ATL03_20220831181154_10821602_005_01_gt3r_labeled.csv,Train,Release 005,01,1082,16,1082,2022-08-31,20220831181154
182863386_ATL03_20220616222419_13111502_007_01_subsetted_gt3r_labeled.csv,Train,Release 007,01,1311,15,1311,2022-06-16,20220616222419
Anapa_Black_Sea_Russia_ATL03_20200425222628_04640706_005_01_gt1r_labeled.csv,Train,Release 005,01,0464,07,0464,2020-04-25,20200425222628
Anegada_BVI_ATL03_20220413185245_03311507_005_02_gt1l_labeled.csv,Train,Release 005,02,0331,15,0331,2022-04-13,20220413185245
ATL03_20181014162642_02450107_007_01_10.02_10.20_gt2r_labeled.csv,Train,Release 007,01,0245,01,0245,2018-10-14,20181014162642
ATL03_20181014162642_02450107_007_01_10.05_10.19_gt3r_labeled.csv,Train,Release 007,01,0245,01,0245,2018-10-14,20181014162642
ATL03_20181018161822_03060107_007_01_11.48_11.70_gt2r_labeled.csv,Train,Release 007,01,0306,01,0306,2018-10-18,20181018161822
ATL03_20181022191838_03690107_007_01_15.11_15.25_gt1r_labeled.csv,Train,Release 007,01,0369,01,0369,2018-10-22,20181022191838
ATL03_20181027153606_04430107_007_01_gt3r_9.81_9.88_labeled.csv,Train,Release 007,01,0443,01,0443,2018-10-27,20181027153606
ATL03_20181028071900_04530107_007_01_gt1l_17.9316_17.9852_seg1_labeled.csv,Train,Release 007,01,0453,01,0453,2018-10-28,20181028071900
ATL03_20181028071900_04530107_007_01_gt2l_17.9220_17.9843_seg1_labeled.csv,Train,Release 007,01,0453,01,0453,2018-10-28,20181028071900
ATL03_20181028071900_04530107_007_01_gt2r_18.4421_18.4958_labeled.csv,Train,Release 007,01,0453,01,0453,2018-10-28,20181028071900
ATL03_20181028071900_04530107_007_01_gt3l_17.9129_17.9700_seg1_labeled.csv,Train,Release 007,01,0453,01,0453,2018-10-28,20181028071900
ATL03_20181028071900_04530107_007_01_gt3r_17.9127_17.9697_seg1_labeled.csv,Train,Release 007,01,0453,01,0453,2018-10-28,20181028071900
ATL03_20181028071900_04530107_007_01_gt3r_18.4438_18.4974_labeled.csv,Train,Release 007,01,0453,01,0453,2018-10-28,20181028071900
ATL03_20181030195618_04920101_007_01_gt3r_23.42_23.62_labeled.csv,Train,Release 007,01,0492,01,0492,2018-10-30,20181030195618
ATL03_20181101032207_05120101_007_01_14.54_14.74_gt1l_labeled.csv,Train,Release 007,01,0512,01,0512,2018-11-01,20181101032207
ATL03_20181101032207_05120101_007_01_14.57_14.72_gt3r_labeled.csv,Train,Release 007,01,0512,01,0512,2018-11-01,20181101032207
ATL03_20181101071043_05140107_007_01_gt1r_17.9208_18.0118_seg1_labeled.csv,Train,Release 007,01,0514,01,0514,2018-11-01,20181101071043
ATL03_20181101071043_05140107_007_01_gt2r_17.9149_17.9707_seg1_labeled.csv,Train,Release 007,01,0514,01,0514,2018-11-01,20181101071043
ATL03_20181101071043_05140107_007_01_gt3l_17.9094_17.9652_seg1_labeled.csv,Train,Release 007,01,0514,01,0514,2018-11-01,20181101071043
ATL03_20181101071043_05140107_007_01_gt3r_17.9092_17.9650_seg1_labeled.csv,Train,Release 007,01,0514,01,0514,2018-11-01,20181101071043
186342010_ATL03_20181104072808_05600107_007_01_subsetted_gt1r_labeled.csv,Train,Release 007,01,0560,01,0560,2018-11-04,20181104072808
ATL03_20181107184532_06130107_007_01_gt1r_8.77_8.85_labeled.csv,Train,Release 007,01,0613,01,0613,2018-11-07,20181107184532
ATL03_20181107184532_06130107_007_01_8.78_8.85_gt2r_labeled.csv,Train,Release 007,01,0613,01,0613,2018-11-07,20181107184532
ATL03_20181107184532_06130107_007_01_8.80_8.86_gt3r_labeled.csv,Train,Release 007,01,0613,01,0613,2018-11-07,20181107184532
ATL03_20181111073714_06670107_007_01_23.51_24.16_gt3l_labeled.csv,Train,Release 007,01,0667,01,0667,2018-11-11,20181111073714
ATL03_20181118022312_07710101_007_01_1.33_1.60_gt3l_labeled.csv,Train,Release 007,01,0771,01,0771,2018-11-18,20181118022312
ATL03_20181118022312_07710101_007_01_1.84_2.00_gt3r_labeled.csv,Train,Release 007,01,0771,01,0771,2018-11-18,20181118022312
ATL03_20181118022312_07710101_007_01_gt1l_1.87_1.94_labeled.csv,Train,Release 007,01,0771,01,0771,2018-11-18,20181118022312
ATL03_20181120061445_08040101_007_01_16.31_16.35_gt3r_labeled.csv,Train,Release 007,01,0804,01,0804,2018-11-20,20181120061445
ATL03_20181122021449_08320101_007_01_gt3l_7.01_7.14_labeled.csv,Train,Release 007,01,0832,01,0832,2018-11-22,20181122021449
ATL03_20181122175741_08420101_007_01_gt3r_18.0720_18.1680_labeled.csv,Train,Release 007,01,0842,01,0842,2018-11-22,20181122175741
ATL03_20181122175741_08420101_007_01_gt3r_18.4018_18.4642_seg1_labeled.csv,Train,Release 007,01,0842,01,0842,2018-11-22,20181122175741
ATL03_20181125141205_08850107_007_01_gt1l_11.19_11.36_labeled.csv,Train,Release 007,01,0885,01,0885,2018-11-25,20181125141205
ATL03_20181126055458_08950107_007_01_gt1l_18.1254_18.1915_seg1_labeled.csv,Train,Release 007,01,0895,01,0895,2018-11-26,20181126055458
ATL03_20181126055458_08950107_007_01_gt1r_18.1237_18.1916_seg1_labeled.csv,Train,Release 007,01,0895,01,0895,2018-11-26,20181126055458
ATL03_20181126055458_08950107_007_01_gt1r_18.3607_18.4186_labeled.csv,Train,Release 007,01,0895,01,0895,2018-11-26,20181126055458
ATL03_20181130015802_09540101_007_01_gt2r_11.12_11.21_labeled.csv,Train,Release 007,01,0954,01,0954,2018-11-30,20181130015802
ATL03_20181130133806_09610107_007_01_0.17_0.22_gt3r_labeled.csv,Train,Release 007,01,0961,01,0961,2018-11-30,20181130133806
ATL03_20181210140427_11140107_007_01_9.83_9.89_gt1l_labeled.csv,Train,Release 007,01,1114,01,1114,2018-12-10,20181210140427
ATL03_20181224124812_13270107_007_01_gt1r_10.20_10.45_labeled.csv,Train,Release 007,01,1327,01,1327,2018-12-24,20181224124812
ATL03_20181224124812_13270107_007_01_gt3r_10.21_10.48_labeled.csv,Train,Release 007,01,1327,01,1327,2018-12-24,20181224124812
ATL03_20181225043105_13370107_006_02_18.05_18.20_gt1r_labeled.csv,Train,Release 006,02,1337,01,1337,2018-12-25,20181225043105
ATL03_20190104044858_01030206_006_02_27.00_27.28_gt2l_labeled.csv,Train,Release 006,02,0103,02,0103,2019-01-04,20190104044858
ATL03_20190109121454_01840207_007_01_11.12_11.48_gt2l_labeled.csv,Train,Release 007,01,0184,02,0184,2019-01-09,20190109121454
ATL03_20190110114914_01990207_007_01_5.99_6.15_gt2r_labeled.csv,Train,Release 007,01,0199,02,0199,2019-01-10,20190110114914
ATL03_20190117115806_03060207_007_01_11.50_11.73_gt1l_labeled.csv,Train,Release 007,01,0306,02,0306,2019-01-17,20190117115806
ATL03_20190117235224_03140201_007_01_10.00_10.20_gt2l_labeled.csv,Train,Release 007,01,0314,02,0314,2019-01-17,20190117235224
ATL03_20190121145829_03690207_007_01_15.11_15.25_gt2l_labeled.csv,Train,Release 007,01,0369,02,0369,2019-01-21,20190121145829
ATL03_20190124151553_04150207_007_01_gt1l_17.06_17.11_labeled.csv,Train,Release 007,01,0415,02,0415,2019-01-24,20190124151553
ATL03_20190130230203_05120201_007_01_14.55_14.73_gt3l_labeled.csv,Train,Release 007,01,0512,02,0512,2019-01-30,20190130230203
ATL03_20190131025040_05140207_007_01_gt1l_17.9358_17.9970_seg1_labeled.csv,Train,Release 007,01,0514,02,0514,2019-01-31,20190131025040
ATL03_20190131025040_05140207_007_01_gt3l_17.9143_17.9701_seg1_labeled.csv,Train,Release 007,01,0514,02,0514,2019-01-31,20190131025040
ATL03_20190131025040_05140207_007_01_gt3r_17.9142_17.9699_seg1_labeled.csv,Train,Release 007,01,0514,02,0514,2019-01-31,20190131025040
ATL03_20190131104207_05190207_007_01_gt1l_0.23_0.34_labeled.csv,Train,Release 007,01,0519,02,0519,2019-01-31,20190131104207
ATL03_20190211104244_06870207_007_01_gt1l_11.11_11.18_labeled.csv,Train,Release 007,01,0687,02,0687,2019-02-11,20190211104244
ATL03_20190211104244_06870207_007_01_11.11_11.18_gt3l_labeled.csv,Train,Release 007,01,0687,02,0687,2019-02-11,20190211104244
ATL03_20190219222020_08170201_007_01_gt1l_9.04_9.21_labeled.csv,Train,Release 007,01,0817,02,0817,2019-02-19,20190219222020
ATL03_20190220012855_08190201_007_01_15.10_15.25_gt3l_labeled.csv,Train,Release 007,01,0819,02,0819,2019-02-20,20190220012855
ATL03_20190220012855_08190201_007_01_15.10_15.26_gt2l_labeled.csv,Train,Release 007,01,0819,02,0819,2019-02-20,20190220012855
ATL03_20190225013500_08950207_007_01_gt3l_18.0513_18.1898_seg1_labeled.csv,Train,Release 007,01,0895,02,0895,2019-02-25,20190225013500
ATL03_20190316210445_11980201_007_01_11.11_11.18_gt1l_labeled.csv,Train,Release 007,01,1198,02,1198,2019-03-16,20190316210445
ATL03_20190322121338_12840201_007_01_gt3r_18.2035_18.2717_labeled.csv,Train,Release 007,01,1284,02,1284,2019-03-22,20190322121338
ATL03_20190422103820_03690307_007_01_15.11_15.25_gt1l_labeled.csv,Train,Release 007,01,0369,03,0369,2019-04-22,20190422103820
ATL03_20190604044922_10220307_007_01_1.33_1.66_gt1l_labeled.csv,Train,Release 007,01,1022,03,1022,2019-06-04,20190604044922
ATL03_20190710152829_01920401_007_01_5.58_5.65_gt2l_labeled.csv,Train,Release 007,01,0192,04,0192,2019-07-10,20190710152829
ATL03_20190812020206_06870407_007_01_8.91_8.98_gt3l_labeled.csv,Train,Release 007,01,0687,04,0687,2019-08-12,20190812020206
ATL03_20190816134805_07560401_007_01_8.91_8.97_gt2r_labeled.csv,Train,Release 007,01,0756,04,0756,2019-08-16,20190816134805
ATL03_20190820133947_08170401_007_01_11.55_11.66_gt2l_labeled.csv,Train,Release 007,01,0817,04,0817,2019-08-20,20190820133947
ATL03_20190905042045_10550407_007_01_gt3l_8.76_8.83_labeled.csv,Train,Release 007,01,1055,04,1055,2019-09-05,20190905042045
ATL03_20190914122410_11980401_007_02_11.12_11.19_gt3l_labeled.csv,Train,Release 007,02,1198,04,1198,2019-09-14,20190914122410
ATL03_20190918121551_12590401_007_01_8.91_8.96_gt3r_labeled.csv,Train,Release 007,01,1259,04,1259,2019-09-18,20190918121551
ATL03_20191001230518_00770507_007_01_gt3l_1.70_1.83_labeled.csv,Train,Release 007,01,0077,05,0077,2019-10-01,20191001230518
ATL03_20191012112555_02380501_007_01_9.75_9.82_gt2r_labeled.csv,Train,Release 007,01,0238,05,0238,2019-10-12,20191012112555
ATL03_20191019020910_03390501_006_02_18.05_18.20_gt2l_labeled.csv,Train,Release 006,02,0339,05,0339,2019-10-19,20191019020910
ATL03_20191020022333_03540507_007_01_16.32_16.36_gt2r_labeled.csv,Train,Release 007,01,0354,05,0354,2019-10-20,20191020022333
ATL03_20191020022333_03540507_007_01_16.32_16.37_gt1r_labeled.csv,Train,Release 007,01,0354,05,0354,2019-10-20,20191020022333
ATL03_20191022140635_03920507_006_02_18.05_18.20_gt2r_labeled.csv,Train,Release 006,02,0392,05,0392,2019-10-22,20191022140635
ATL03_20191030214122_05190507_007_01_0.17_0.26_gt2r_labeled.csv,Train,Release 007,01,0519,05,0519,2019-10-30,20191030214122
ATL03_20191119091940_08170501_007_01_11.55_11.66_gt2l_labeled.csv,Train,Release 007,01,0817,05,0817,2019-11-19,20191119091940
ATL03_20191128083720_09540501_007_01_11.12_11.21_gt3r_labeled.csv,Train,Release 007,01,0954,05,0954,2019-11-28,20191128083720
ATL03_20191202200901_10220507_007_01_1.70_1.83_gt3l_labeled.csv,Train,Release 007,01,1022,05,1022,2019-12-02,20191202200901
ATL03_20191205000035_10550507_007_01_8.67_8.77_gt2r_labeled.csv,Train,Release 007,01,1055,05,1055,2019-12-05,20191205000035
ATL03_20191205000035_10550507_007_01_8.68_8.77_gt3r_labeled.csv,Train,Release 007,01,1055,05,1055,2019-12-05,20191205000035
ATL03_20191214080358_11980501_007_01_gt2r_11.12_11.20_labeled.csv,Train,Release 007,01,1198,05,1198,2019-12-14,20191214080358
ATL03_20191223111017_13370507_006_01_18.05_18.20_gt1r_labeled.csv,Train,Release 006,01,1337,05,1337,2019-12-23,20191223111017
ATL03_20191227071321_00090601_007_01_10.20_10.48_gt3r_labeled.csv,Train,Release 007,01,0009,06,0009,2019-12-27,20191227071321
ATL03_20200106191942_01690607_007_01_9.75_9.81_gt1r_labeled.csv,Train,Release 007,01,0169,06,0169,2020-01-06,20200106191942
ATL03_20200111101414_02400601_007_01_8.76_8.83_gt2r_labeled.csv,Train,Release 007,01,0240,06,0240,2020-01-11,20200111101414
ATL03_20200116063139_03140601_007_01_8.91_8.98_gt3r_labeled.csv,Train,Release 007,01,0314,06,0314,2020-01-16,20200116063139
ATL03_20200127212101_04910607_007_01_9.34_9.41_gt3r_labeled.csv,Train,Release 007,01,0491,06,0491,2020-01-27,20200127212101
ATL03_20200214164745_07630607_007_01_8.21_8.38_gt1r_labeled.csv,Train,Release 007,01,0763,06,0763,2020-02-14,20200214164745
ATL03_20200310153209_11440607_007_01_7.07_7.11_gt3r_labeled.csv,Train,Release 007,01,1144,06,1144,2020-03-10,20200310153209
ATL03_20200327025303_00090701_007_01_gt3r_11.19_11.32_labeled.csv,Train,Release 007,01,0009,07,0009,2020-03-27,20200327025303
ATL03_20200510043006_06820701_007_01_gt2r_8.66_8.77_labeled.csv,Train,Release 007,01,0682,07,0682,2020-05-10,20200510043006
ATL03_20200717130831_03390801_006_01_18.05_18.20_gt1l_labeled.csv,Train,Release 006,01,0339,08,0339,2020-07-17,20200717130831
ATL03_20210125040016_04911007_007_01_9.34_9.42_gt2r_labeled.csv,Train,Release 007,01,0491,10,0491,2021-01-25,20210125040016
ATL03_20210624051216_00091201_007_01_11.19_11.33_gt1r_labeled.csv,Train,Release 007,01,0009,12,0009,2021-06-24,20210624051216
ATL03_20210802190318_06131207_007_01_gt3r_8.80_8.86_labeled.csv,Train,Release 007,01,0613,12,0613,2021-08-02,20210802190318
ATL03_20211130131922_10551307_007_01_8.76_8.82_gt3l_labeled.csv,Train,Release 007,01,1055,13,1055,2021-11-30,20211130131922
ATL03_20211229234941_01181401_007_01_9.34_9.42_gt1l_labeled.csv,Train,Release 007,01,0118,14,0118,2021-12-29,20211229234941
ATL03_20220201184311_06341401_007_01_gt1l_8.14_8.22_labeled.csv,Train,Release 007,01,0634,14,0634,2022-02-01,20220201184311
ATL03_20220216214406_08651401_007_01_15.77_15.81_gt3l_labeled.csv,Train,Release 007,01,0865,14,0865,2022-02-16,20220216214406
ATL03_20220326074337_00491507_007_01_9.34_9.43_gt1r_labeled.csv,Train,Release 007,01,0049,15,0049,2022-03-26,20220326074337
ATL03_20230112180124_03541807_007_01_16.32_16.37_gt3r_labeled.csv,Train,Release 007,01,0354,18,0354,2023-01-12,20230112180124
ATL03_20230123131914_05191807_007_01_gt2r_0.17_0.26_labeled.csv,Train,Release 007,01,0519,18,0519,2023-01-23,20230123131914
ATL03_20230126050518_05601801_007_01_gt3r_9.89_9.92_labeled.csv,Train,Release 007,01,0560,18,0560,2023-01-26,20230126050518
ATL03_20230129170241_06131807_007_01_8.77_8.83_gt3r_labeled.csv,Train,Release 007,01,0613,18,0613,2023-01-29,20230129170241
ATL03_20230211043145_08041801_007_01_gt2l_16.46_16.57_labeled.csv,Train,Release 007,01,0804,18,0804,2023-02-11,20230211043145
ATL03_20240111003937_03542207_007_01_16.32_16.37_gt1r_labeled.csv,Train,Release 007,01,0354,22,0354,2024-01-11,20240111003937
ATL03_20240713034135_03922407_006_01_18.05_18.20_gt3r_labeled.csv,Train,Release 006,01,0392,24,0392,2024-07-13,20240713034135
ATL03_20250107070331_03392601_006_01_18.05_18.20_gt3l_labeled.csv,Train,Release 006,01,0339,26,0339,2025-01-07,20250107070331
ATL03_20250403110832_02682701_007_01_1.96_2.07_gt1l_labeled.csv,Train,Release 007,01,0268,27,0268,2025-04-03,20250403110832
ATL03_20250426015829_06132707_007_01_7.35_7.40_gt1r_labeled.csv,Train,Release 007,01,0613,27,0613,2025-04-26,20250426015829
183226517_ATL03_20220826063606_09981606_007_01_subsetted_gt1r_labeled.csv,Train,Release 007,01,0998,16,0998,2022-08-26,20220826063606
183241810_ATL03_20210212205409_07771002_007_01_subsetted_gt1r_labeled.csv,Train,Release 007,01,0777,10,0777,2021-02-12,20210212205409
Bum_Bum_Island_Malaysia_ATL03_20210606212532_11311107_005_01_gt3r_labeled.csv,Train,Release 005,01,1131,11,1131,2021-06-06,20210606212532
Calatagan_Philippeans_ATL03_20210402122421_01331101_005_01_gt1r_labeled.csv,Train,Release 005,01,0133,11,0133,2021-04-02,20210402122421
Cayo_Megano_Grande_Cuba_ATL03_20201018093115_03700901_005_01_gt2l_labeled.csv,Train,Release 005,01,0370,09,0370,2020-10-18,20201018093115
Cayos_Aguardiente_Cuba_ATL03_20220914124542_12921607_005_01_gt1r_labeled.csv,Train,Release 005,01,1292,16,1292,2022-09-14,20220914124542
Chetumal_ATL03_20190719200908_03320407_005_01_gt3l_labeled.csv,Train,Release 005,01,0332,04,0332,2019-07-19,20190719200908
Crooked_Island_Bahamas_ATL03_20220327081214_00651501_005_01_gt3l_labeled.csv,Train,Release 005,01,0065,15,0065,2022-03-27,20220327081214
Cuvu_Fiji_ATL03_20220824201715_09761608_005_01_gt3r_labeled.csv,Train,Release 005,01,0976,16,0976,2022-08-24,20220824201715
East_Zanzibar_Tanzania_ATL03_20210205203105_06691014_005_01_gt1r_labeled.csv,Train,Release 005,01,0669,10,0669,2021-02-05,20210205203105
Giali_Greece_ATL03_20201016023809_03350902_005_01_gt1l_labeled.csv,Train,Release 005,01,0335,09,0335,2020-10-16,20201016023809
Grand_Baie_Mauritius_ATL03_20190310163417_11030208_005_01_gt2l_labeled.csv,Train,Release 005,01,1103,02,1103,2019-03-10,20190310163417
185698116_ATL03_20220130165727_06021406_007_03_subsetted_gt3l_labeled.csv,Train,Release 007,03,0602,14,0602,2022-01-30,20220130165727
Gyali_Greece_ATL03_20220713201720_03351602_005_01_gt3r_labeled.csv,Train,Release 005,01,0335,16,0335,2022-07-13,20220713201720
Ifaho_Marine_Reserve_Madagascar_ATL03_20210316175909_12631014_005_01_gt1r_labeled.csv,Train,Release 005,01,1263,10,1263,2021-03-16,20210316175909
Isla_Lava_Madagascar_ATL03_20220826165734_10041614_005_01_gt3r_labeled.csv,Train,Release 005,01,1004,16,1004,2022-08-26,20220826165734
Jedaria_Tunisia_ATL03_20211227185523_00841406_005_01_gt2l_labeled.csv,Train,Release 005,01,0084,14,0084,2021-12-27,20211227185523
Kamogawa_wan_Japan_ATL03_20220102100417_01701406_005_01_gt2l_labeled.csv,Train,Release 005,01,0170,14,0170,2022-01-02,20220102100417
Kiriwina_Island_Papua_New_Guinea_ATL03_20220807105622_07101614_005_01_gt3r_labeled.csv,Train,Release 005,01,0710,16,0710,2022-08-07,20220807105622
Landeda_France_ATL03_20200730204050_05420806_005_01_gt3l_labeled.csv,Train,Release 005,01,0542,08,0542,2020-07-30,20200730204050
Marawah_Island_UAE_ATL03_20220905155636_11571601_005_01_gt2r_labeled.csv,Train,Release 005,01,1157,16,1157,2022-09-05,20220905155636
Mayaguana_Long_bay_Bahamas_ATL03_20220819011237_08881601_005_01_gt1r_labeled.csv,Train,Release 005,01,0888,16,0888,2022-08-19,20220819011237
186344390_ATL03_20210324134640_13831007_007_01_subsetted_gt3r_labeled.csv,Train,Release 007,01,1383,10,1383,2021-03-24,20210324134640
Miskito_Cay_Nicaragua_ATL03_20200718022252_03470807_005_01_gt1l_labeled.csv,Train,Release 005,01,0347,08,0347,2020-07-18,20200718022252
Mouidou_Bay_New_Caledonia_ATL03_20200527120937_09460708_005_01_gt2l_labeled.csv,Train,Release 005,01,0946,07,0946,2020-05-27,20200527120937
Mozambique_Channel_ATL03_20220304021217_10961414_005_01_gt2l_labeled.csv,Train,Release 005,01,1096,14,1096,2022-03-04,20220304021217
Nad_Al_Sheeba_UAE_ATL03_20221012141554_03341701_005_01_gt1r_labeled.csv,Train,Release 005,01,0334,17,0334,2022-10-12,20221012141554
Nait_Socotra_Island_Yemen_ATL03_20221012141554_03341701_005_01_gt1r_labeled.csv,Train,Release 005,01,0334,17,0334,2022-10-12,20221012141554
Nantucket_Sound_Massachusetts_ATL03_20220426062938_05221502_005_02_gt3l_labeled.csv,Train,Release 005,02,0522,15,0522,2022-04-26,20220426062938
Ngoba_Island_Indonesia_ATL03_20200812103958_07340808_005_01_gt3l_labeled.csv,Train,Release 005,01,0734,08,0734,2020-08-12,20200812103958
North_Bukama_Fiji_ATL03_20220824201715_09761608_005_01_gt3r_labeled.csv,Train,Release 005,01,0976,16,0976,2022-08-24,20220824201715
North_Macuata_Island_Fiji_ATL03_20220824082307_09681614_005_01_gt1r_labeled.csv,Train,Release 005,01,0968,16,0968,2022-08-24,20220824082307
Ognina_Syracuse_Italy_ATL03_20220207164046_07241406_005_01_gt1l_labeled.csv,Train,Release 005,01,0724,14,0724,2022-02-07,20220207164046
Opcina_Lopar_Croatia_ATL03_20190221202617_08460206_005_01_gt1l_labeled.csv,Train,Release 005,01,0846,02,0846,2019-02-21,20190221202617
Panglao_Bay_Philippines_ATL03_20220116222507_03921401_005_01_gt1l_labeled.csv,Train,Release 005,01,0392,14,0392,2022-01-16,20220116222507
186658278_ATL03_20220224090016_09791402_007_01_subsetted_gt3l_labeled.csv,Train,Release 007,01,0979,14,0979,2022-02-24,20220224090016
Porto_Torres_Italy_ATL03_20201119021432_08540902_005_01_gt3l_labeled.csv,Train,Release 005,01,0854,09,0854,2020-11-19,20201119021432
Pulau_Mangiatan_ATL03_20200226193823_09480608_005_01_gt1r_labeled.csv,Train,Release 005,01,0948,06,0948,2020-02-26,20200226193823
182863386_ATL03_20220616222419_13111502_007_01_subsetted_gt3r_labeled.csv,Train,Release 007,01,1311,15,1311,2022-06-16,20220616222419
Rottnest_Island_Australia_ATL03_20201222173922_13670913_005_01_gt3l_labeled.csv,Train,Release 005,01,1367,09,1367,2020-12-22,20201222173922
Rutland_Island_Ireland_ATL03_20220830201152_10681602_005_01_gt2r_labeled.csv,Train,Release 005,01,1068,16,1068,2022-08-30,20220830201152
Saipan_Bay_CNMI_ATL03_20220622132617_00101601_005_02_gt3r_labeled.csv,Train,Release 005,02,0010,16,0010,2022-06-22,20220622132617
Santec_English_Channel_France_ATL03_20190620034303_12660302_005_01_gt1l_labeled.csv,Train,Release 005,01,1266,03,1266,2019-06-20,20190620034303
Skutvik_Norway_ATL03_20210816123941_08231203_005_01_gt3r_labeled.csv,Train,Release 005,01,0823,12,0823,2021-08-16,20210816123941
Sodringholm_Skov_Denmark_ATL03_20200621213827_13340706_005_01_gt1r_labeled.csv,Train,Release 005,01,1334,07,1334,2020-06-21,20200621213827
South_Ibiza_Spain_ATL03_20210325203928_00161102_005_01_gt1r_labeled.csv,Train,Release 005,01,0016,11,0016,2021-03-25,20210325203928
187804448_ATL03_20210714141155_03201203_007_01_subsetted_gt1r_labeled.csv,Train,Release 007,01,0320,12,0320,2021-07-14,20210714141155
Stryno_Kalv_Denmark_ATL03_20190401062949_00460302_005_01_gt2l_labeled.csv,Train,Release 005,01,0046,03,0046,2019-04-01,20190401062949
Suez_Gulf_Egypt_ATL03_20210131090917_05861006_005_01_gt1r_labeled.csv,Train,Release 005,01,0586,10,0586,2021-01-31,20210131090917
Tayabas_Bay_Philippines_ATL03_20190501095559_05060307_005_01_gt2l_labeled.csv,Train,Release 005,01,0506,03,0506,2019-05-01,20190501095559
Vilancolus_Mozambique_ATL03_20220825054259_09821608_005_01_gt1r_labeled.csv,Train,Release 005,01,0982,16,0982,2022-08-25,20220825054259
Watari_Fukutsu_Japan_ATL03_20201201173227_10470902_005_01_gt1l_labeled.csv,Train,Release 005,01,1047,09,1047,2020-12-01,20201201173227
Water_Cay_Belize_ATL03_20220710041010_02791601_005_01_gt2r_labeled.csv,Train,Release 005,01,0279,16,0279,2022-07-10,20220710041010
Wessel_Machinbar_Island_Australia_ATL03_20201123173503_09240914_005_01_gt3l_labeled.csv,Train,Release 005,01,0924,09,0924,2020-11-23,20201123173503
West_Hawar_Island_Bahrain_ATL03_20210821101554_08981201_005_01_gt3r_labeled.csv,Train,Release 005,01,0898,12,0898,2021-08-21,20210821101554
Arraial_do_Cobo_Brazil_ATL03_20210607201248_11451114_005_01_gt2r_labeled.csv,Val,Release 005,01,1145,11,1145,2021-06-07,20210607201248
ATL03_20181212131308_11440107_007_01_6.04_6.25_gt3r_labeled.csv,Val,Release 007,01,1144,01,1144,2018-12-12,20181212131308
ATL03_20190118113229_03210207_007_01_gt1l_8.83_8.92_labeled.csv,Val,Release 007,01,0321,02,0321,2019-01-18,20190118113229
ATL03_20190609082516_11010302_007_01_32.28_32.49_gt2l_labeled.csv,Val,Release 007,01,1101,03,1101,2019-06-09,20190609082516
ATL03_20200204210418_06130607_007_01_8.81_8.86_gt1r_labeled.csv,Val,Release 007,01,0613,06,0613,2020-02-04,20200204210418
Binanga_Sombaiya_Indonesia_ATL03_20181027185143_04450108_005_01_gt3r_labeled.csv,Val,Release 005,01,0445,01,0445,2018-10-27,20181027185143
183429379_ATL03_20191230205203_00630608_007_01_subsetted_gt3r_labeled.csv,Val,Release 007,01,0063,06,0063,2019-12-30,20191230205203
Diego_de_Almagro_Chile_ATL03_20190819055313_07960412_005_01_gt1l_labeled.csv,Val,Release 005,01,0796,04,0796,2019-08-19,20190819055313
Fowlers_bay_Australia_ATL03_20200827220630_09700813_005_01_gt3l_labeled.csv,Val,Release 005,01,0970,08,0970,2020-08-27,20200827220630
Golden_Bay_New_Zealand_ATL03_20210406085423_01911113_005_01_gt1r_labeled.csv,Val,Release 005,01,0191,11,0191,2021-04-06,20210406085423
Isla_del_Espiritu_Mexico_ATL03_20220228115325_10421401_005_01_gt1l_labeled.csv,Val,Release 005,01,1042,14,1042,2022-02-28,20220228115325
Lagoa_Poelela_Mozambique_ATL03_20220825054259_09821608_005_01_gt3r_labeled.csv,Val,Release 005,01,0982,16,0982,2022-08-25,20220825054259
Masoala_Madagascar_ATL03_20221012022839_03261708_005_01_gt2r_labeled.csv,Val,Release 005,01,0326,17,0326,2022-10-12,20221012022839
North_Fuerteventura_Spain_ATL03_20220914200409_12971602_005_01_gt1r_labeled.csv,Val,Release 005,01,1297,16,1297,2022-09-14,20220914200409
Pratas_Island_South_China_Sea_ATL03_20200727124034_04910807_005_01_gt1l_labeled.csv,Val,Release 005,01,0491,08,0491,2020-07-27,20200727124034
Rago_Island_Denmark_ATL03_20200814185852_07700806_005_01_gt1l_labeled.csv,Val,Release 005,01,0770,08,0770,2020-08-14,20200814185852
Risoysundet_Norway_ATL03_20200716073232_03200803_005_01_gt3l_labeled.csv,Val,Release 005,01,0320,08,0320,2020-07-16,20200716073232
Sagani_Fiji_ATL03_20201016163241_03430914_005_01_gt3l_labeled.csv,Val,Release 005,01,0343,09,0343,2020-10-16,20201016163241
Shark_Bay_Australia_ATL03_20220825124020_09861614_005_01_gt1r_labeled.csv,Val,Release 005,01,0986,16,0986,2022-08-25,20220825124020
187933509_ATL03_20200831063523_10220802_007_01_subsetted_gt2l_labeled.csv,Val,Release 007,01,1022,08,1022,2020-08-31,20200831063523
188053360_ATL03_20220729194415_05791602_007_01_subsetted_gt1r_labeled.csv,Val,Release 007,01,0579,16,0579,2022-07-29,20220729194415
188073549_ATL03_20220413185245_03311507_007_01_subsetted_gt3l_labeled.csv,Val,Release 007,01,0331,15,0331,2022-04-13,20220413185245
188115872_ATL03_20210804181159_06431207_007_01_subsetted_gt1r_labeled.csv,Val,Release 007,01,0643,12,0643,2021-08-04,20210804181159
Waikoloa_Beach_Hawaii_ATL03_20211129072752_10361307_005_01_gt2l_labeled.csv,Val,Release 005,01,1036,13,1036,2021-11-29,20211129072752
West_Island_Shire_of_Cocos_ATL03_20190521223548_08190314_005_01_gt1l_labeled.csv,Val,Release 005,01,0819,03,0819,2019-05-21,20190521223548
West_Matanzas_Island_Cuba_ATL03_20220305094508_11171401_005_01_gt2l_labeled.csv,Val,Release 005,01,1117,14,1117,2022-03-05,20220305094508
White_Beach_Oman_ATL03_20220114025039_03491401_005_01_gt1r_labeled.csv,Val,Release 005,01,0349,14,0349,2022-01-14,20220114025039
Yadua_Fiji_ATL03_20220824201715_09761608_005_01_gt2r_labeled.csv,Val,Release 005,01,0976,16,0976,2022-08-24,20220824201715
188541408_ATL03_20190101023251_00560202_007_01_subsetted_gt1l_labeled.csv,Val,Release 007,01,0056,02,0056,2019-01-01,20190101023251
Zemouri_Algeria_ATL03_20220713215138_03361602_005_01_gt3r_labeled.csv,Val,Release 005,01,0336,16,0336,2022-07-13,20220713215138
ATL03_20181027193857_04460101_007_01_22.32_22.45_gt1l_labeled.csv,Test,Release 007,01,0446,01,0446,2018-10-27,20181027193857
ATL03_20181105145356_05800107_007_01_3.07_3.24_gt1l_labeled.csv,Test,Release 007,01,0580,01,0580,2018-11-05,20181105145356
ATL03_20191009093418_01910501_007_01_16.66_16.78_gt1r_labeled.csv,Test,Release 007,01,0191,05,0191,2019-10-09,20191009093418
ATL03_20200116181143_03210607_007_01_8.20_8.39_gt3r_labeled.csv,Test,Release 007,01,0321,06,0321,2020-01-16,20200116181143
Between_Haruku_and_Saparua_Indonesia_ATL03_20190318113445_12220208_005_01_gt2l_labeled.csv,Test,Release 005,01,1222,02,1222,2019-03-18,20190318113445
Bua_Bay_Fiji_ATL03_20210621164201_13571108_005_01_gt3r_labeled.csv,Test,Release 005,01,1357,11,1357,2021-06-21,20210621164201
Dingle_Bay_Ireland_ATL03_20210413202331_03061102_005_01_gt3r_labeled.csv,Test,Release 005,01,0306,11,0306,2021-04-13,20210413202331
Farasan_Island_Red_Sea_ATL03_20210311184010_11881001_005_01_gt1r_labeled.csv,Test,Release 005,01,1188,10,1188,2021-03-11,20210311184010
French_Polynesia_Bathymetry_ATL03_20190502032012_05170308_005_01_gt3l_labeled.csv,Test,Release 005,01,0517,03,0517,2019-05-02,20190502032012
Hjelmshoved_Denmark_ATL03_20200519231048_08310706_005_01_gt3l_labeled.csv,Test,Release 005,01,0831,07,0831,2020-05-19,20200519231048
Isla_Tiburon_Mexico_ATL03_20220706055950_02191602_005_01_gt3r_labeled.csv,Test,Release 005,01,0219,16,0219,2022-07-06,20220706055950
186089098_ATL03_20181222024630_12900108_007_01_subsetted_gt3r_labeled.csv,Test,Release 007,01,1290,01,1290,2018-12-22,20181222024630
Los_Roques_Archipelago_ATL03_20200827111933_09640801_005_01_gt3l_labeled.csv,Test,Release 005,01,0964,08,0964,2020-08-27,20200827111933
Nangata_Bay_Mozambique_ATL03_20210802235312_06161208_005_01_gt3r_labeled.csv,Test,Release 005,01,0616,12,0616,2021-08-02,20210802235312
Nepean_Bay_Australia_ATL03_20191204103310_10460513_005_01_gt1r_labeled.csv,Test,Release 005,01,1046,05,1046,2019-12-04,20191204103310
Ngu_Phung_Vietnam_ATL03_20200401184200_00950707_005_01_gt3r_labeled.csv,Test,Release 005,01,0095,07,0095,2020-04-01,20200401184200
Okinawa_Japan_ATL03_20220816115520_08491601_005_01_gt3r_labeled.csv,Test,Release 005,01,0849,16,0849,2022-08-16,20220816115520
South_Portoscuso_Italy_ATL03_20190524041544_08540302_005_01_gt2l_labeled.csv,Test,Release 005,01,0854,03,0854,2019-05-24,20190524041544
188025364_ATL03_20210723011117_04491206_007_01_subsetted_gt1r_labeled.csv,Test,Release 007,01,0449,12,0449,2021-07-23,20210723011117
188173795_ATL03_20210214143845_08031010_007_01_subsetted_gt1r_labeled.csv,Test,Release 007,01,0803,10,0803,2021-02-14,20210214143845
